<?xml version="1.0" encoding="UTF-8"?>
<project-private xmlns="http://www.netbeans.org/ns/project-private/1">
    <editor-bookmarks xmlns="http://www.netbeans.org/ns/editor-bookmarks/2" lastBookmarkId="0"/>
    <open-files xmlns="http://www.netbeans.org/ns/projectui-open-files/2">
        <group>
            <file>file:/C:/Users/Admin/Documents/NetBeansProjects/demoduxlieu/src/Repository/Impl/KichCoRepos.java</file>
            <file>file:/C:/Users/Admin/Documents/NetBeansProjects/demoduxlieu/src/Views/SPCTJPanel.java</file>
            <file>file:/C:/Users/Admin/Documents/NetBeansProjects/demoduxlieu/src/Service/Impl/khuyenmaiseviec.java</file>
            <file>file:/C:/Users/Admin/Documents/NetBeansProjects/demoduxlieu/src/Views/BanHangJFrame.java</file>
            <file>file:/C:/Users/Admin/Documents/NetBeansProjects/demoduxlieu/src/DomainModel/KhuyenMai.java</file>
            <file>file:/C:/Users/Admin/Documents/NetBeansProjects/demoduxlieu/src/Service/IkhuyenMaiSeviec.java</file>
            <file>file:/C:/Users/Admin/Documents/NetBeansProjects/demoduxlieu/src/Service/ISPCTService.java</file>
            <file>file:/C:/Users/Admin/Documents/NetBeansProjects/demoduxlieu/src/Views/KhuyenMaiJPanel.java</file>
            <file>file:/C:/Users/Admin/Documents/NetBeansProjects/demoduxlieu/src/Repository/IkhuyenMairepons.java</file>
            <file>file:/C:/Users/Admin/Documents/NetBeansProjects/demoduxlieu/src/Views/KhachHangJPanel.java</file>
            <file>file:/C:/Users/Admin/Documents/NetBeansProjects/demoduxlieu/src/Repository/Impl/KhuyenMaiRepons.java</file>
        </group>
    </open-files>
</project-private>
